{"nodes":{"input":[1,2,3,4,5,6],"hidden":[],"output":[7,8,9]},"connections":{"2,9":{"weight":-0.35031021013855934,"enabled":true},"3,8":{"weight":-0.5739395315758884,"enabled":true},"3,9":{"weight":-0.14824624452739954,"enabled":true},"5,9":{"weight":0.6262619434855878,"enabled":true},"6,7":{"weight":-0.11570879817008972,"enabled":true},"6,8":{"weight":-0.9378575272858143,"enabled":true},"1,8":{"weight":-0.7286454844288528,"enabled":true},"4,9":{"weight":0.6279965825378895,"enabled":true},"5,7":{"weight":-0.9212660952471197,"enabled":true},"6,9":{"weight":-0.22701506223529577,"enabled":true},"2,8":{"weight":-0.40866405749693513,"enabled":true},"3,7":{"weight":-0.25697032548487186,"enabled":true},"2,7":{"weight":0.08282888121902943,"enabled":true},"1,9":{"weight":-0.5747713050805032,"enabled":true},"5,8":{"weight":0.40890855249017477,"enabled":true},"4,8":{"weight":-0.7418236136436462,"enabled":true},"1,7":{"weight":-0.19162085326388478,"enabled":true},"4,7":{"weight":0.6528287227265537,"enabled":true}},"inputMap":{"1":{},"2":{},"3":{},"4":{},"5":{},"6":{},"7":{},"8":{},"9":{}},"outputMap":{"1":{},"2":{},"3":{},"4":{},"5":{},"6":{},"7":{},"8":{},"9":{}}}