{
  "nodes": { "input": [1, 2, 3, 4, 5, 6], "hidden": [], "output": [7, 8, 9] },
  "connections": {
    "4,7": { "weight": -0.5363850062713027, "enabled": true },
    "2,8": { "weight": -0.4933466096408665, "enabled": true },
    "4,8": { "weight": -0.41883354960009456, "enabled": true },
    "6,9": { "weight": -0.1385182086378336, "enabled": true },
    "2,9": { "weight": -0.6449057008139789, "enabled": true },
    "5,9": { "weight": 0.5883395494893193, "enabled": true },
    "1,9": { "weight": -0.14170037861913443, "enabled": true },
    "3,7": { "weight": -0.7303212489932775, "enabled": true },
    "3,8": { "weight": -0.25292483577504754, "enabled": true },
    "2,7": { "weight": -0.34287278912961483, "enabled": true },
    "6,7": { "weight": -0.28002072870731354, "enabled": true },
    "1,8": { "weight": 0.3436992624774575, "enabled": true },
    "6,8": { "weight": 0.8255331669934094, "enabled": true },
    "3,9": { "weight": -0.10514773149043322, "enabled": true },
    "1,7": { "weight": -0.985171060077846, "enabled": true },
    "4,9": { "weight": 0.7352355625480413, "enabled": true },
    "5,7": { "weight": -0.5916669704020023, "enabled": true },
    "5,8": { "weight": 0.039268207270652056, "enabled": true }
  }
}
