{
  "nodes": { "input": [1, 2, 3, 4, 5, 6], "hidden": [10, 11, 12, 13], "output": [7, 8, 9] },
  "connections": {
    "6,8": { "weight": 0.9846672201529145, "enabled": true },
    "5,9": { "weight": 0.864900145214051, "enabled": true },
    "5,7": { "weight": 0.1922552133910358, "enabled": true },
    "4,8": { "weight": -0.9953553909435868, "enabled": true },
    "1,9": { "weight": -0.9457177380099893, "enabled": true },
    "3,9": { "weight": 0.5735166305676103, "enabled": true },
    "6,9": { "weight": -0.6945669730193913, "enabled": true },
    "3,8": { "weight": 0.07866032980382442, "enabled": true },
    "3,7": { "weight": -0.5798321664333344, "enabled": true },
    "1,8": { "weight": 0.01783592440187931, "enabled": true },
    "4,9": { "weight": 0.11600606888532639, "enabled": true },
    "2,8": { "weight": 0.5917915739119053, "enabled": true },
    "5,8": { "weight": 0.33730852138251066, "enabled": true },
    "2,9": { "weight": -0.07703981967642903, "enabled": true },
    "4,7": { "weight": -0.8561874320730567, "enabled": true },
    "6,7": { "weight": -0.49658339843153954, "enabled": true },
    "2,7": { "weight": 0.2217724141664803, "enabled": true },
    "1,7": { "weight": -0.7233859584666789, "enabled": true },
    "10,1": { "weight": 0.9986204071901739, "enabled": true }
  }
}
