{"nodes":{"input":[1,2,3,4,5,6],"hidden":[10,11,12,13,14],"output":[7,8,9]},"connections":{"6,9":{"weight":-0.38773566484451294,"enabled":true},"4,9":{"weight":-0.32522103609517217,"enabled":true},"3,7":{"weight":-0.8084920276887715,"enabled":true},"2,7":{"weight":-0.2776856552809477,"enabled":true},"1,9":{"weight":-0.011554921977221966,"enabled":true},"4,7":{"weight":0.46920786518603563,"enabled":true},"6,7":{"weight":0.4821091997437179,"enabled":true},"2,8":{"weight":-0.3612691196613014,"enabled":true},"1,8":{"weight":0.0566928144544363,"enabled":true},"5,9":{"weight":0.25807631108909845,"enabled":true},"5,7":{"weight":-0.6166770425625145,"enabled":true},"3,8":{"weight":-0.9125397107563913,"enabled":true},"6,8":{"weight":0.06339985365048051,"enabled":true},"1,7":{"weight":-0.5043879267759621,"enabled":true},"2,9":{"weight":-0.8903865967877209,"enabled":true},"5,8":{"weight":0.486744977068156,"enabled":true},"4,8":{"weight":-0.8248450616374612,"enabled":true},"3,9":{"weight":0.9687470099888742,"enabled":true},"10,1":{"weight":-0.6890931283123791,"enabled":true}},"inputMap":{"1":{},"2":{},"3":{},"4":{},"5":{},"6":{},"7":{},"8":{},"9":{},"10":{},"11":{},"12":{},"13":{},"14":{}},"outputMap":{"1":{},"2":{},"3":{},"4":{},"5":{},"6":{},"7":{},"8":{},"9":{},"10":{},"11":{},"12":{},"13":{},"14":{}}}