{
  "nodes": { "input": [1, 2, 3, 4, 5, 6], "hidden": [], "output": [7, 8, 9] },
  "connections": {
    "4,7": { "weight": -0.9755000141449273, "enabled": true },
    "2,7": { "weight": 0.7893133340403438, "enabled": true },
    "1,7": { "weight": -0.06737137492746115, "enabled": true },
    "1,8": { "weight": 0.3252781117334962, "enabled": true },
    "3,8": { "weight": 0.8773334976285696, "enabled": true },
    "5,7": { "weight": -0.5759768923744559, "enabled": true },
    "6,9": { "weight": -0.11851463280618191, "enabled": true },
    "4,9": { "weight": 0.9178269263356924, "enabled": true },
    "5,8": { "weight": 0.01270298520103097, "enabled": true },
    "3,9": { "weight": 0.6316211824305356, "enabled": true },
    "2,9": { "weight": 0.5923157557845116, "enabled": true },
    "4,8": { "weight": 0.07042514439672232, "enabled": true },
    "2,8": { "weight": -0.6371865142136812, "enabled": true },
    "1,9": { "weight": -0.6432433356530964, "enabled": true },
    "3,7": { "weight": 0.20587916346266866, "enabled": true },
    "5,9": { "weight": 0.15026573557406664, "enabled": true },
    "6,8": { "weight": 0.11071450961753726, "enabled": true },
    "6,7": { "weight": 0.35911774542182684, "enabled": true },
    "2,4": { "weight": -0.6026332695037127, "enabled": true }
  }
}
