{
  "nodes": { "input": [1, 2, 3, 4, 5, 6], "hidden": [10, 11, 12, 13], "output": [7, 8, 9] },
  "connections": {
    "6,9": { "weight": 0.12274910463020205, "enabled": true },
    "4,8": { "weight": 0.1434317994862795, "enabled": true },
    "6,7": { "weight": 0.24555033491924405, "enabled": true },
    "5,7": { "weight": -0.47729357006028295, "enabled": true },
    "1,8": { "weight": 0.03290748596191406, "enabled": true },
    "3,8": { "weight": -0.06109895836561918, "enabled": true },
    "4,7": { "weight": 0.3437171964906156, "enabled": true },
    "6,8": { "weight": 0.3544379402883351, "enabled": true },
    "2,9": { "weight": -0.35056956950575113, "enabled": true },
    "1,7": { "weight": 0.09522013179957867, "enabled": true },
    "2,8": { "weight": -0.38470474909991026, "enabled": true },
    "5,9": { "weight": -0.40480960346758366, "enabled": true },
    "3,9": { "weight": 0.6643043300136924, "enabled": true },
    "1,9": { "weight": -0.9731618715450168, "enabled": true },
    "5,8": { "weight": 0.6309209652245045, "enabled": true },
    "2,7": { "weight": 0.1729833772405982, "enabled": true },
    "3,7": { "weight": -0.1385229048319161, "enabled": true },
    "4,9": { "weight": -0.8685063193552196, "enabled": true },
    "10,1": { "weight": -0.47838499769568443, "enabled": true },
    "7,4": { "weight": -0.8848282541148365, "enabled": true }
  }
}
