{
  "nodes": { "input": [1, 2, 3, 4, 5, 6], "hidden": [10, 11, 12, 13], "output": [7, 8, 9] },
  "connections": {
    "4,8": { "weight": -0.6246228297241032, "enabled": true },
    "6,8": { "weight": 0.11496709659695625, "enabled": true },
    "1,9": { "weight": -0.738121799658984, "enabled": true },
    "3,7": { "weight": -0.08104452583938837, "enabled": true },
    "5,8": { "weight": -0.924957737326622, "enabled": true },
    "4,9": { "weight": -0.08965222537517548, "enabled": true },
    "6,9": { "weight": -0.9493689001537859, "enabled": true },
    "3,9": { "weight": -0.1368437521159649, "enabled": true },
    "2,9": { "weight": 0.29631371796131134, "enabled": true },
    "6,7": { "weight": 0.8396938880905509, "enabled": true },
    "5,7": { "weight": -0.7465037857182324, "enabled": true },
    "3,8": { "weight": -0.5223072743974626, "enabled": true },
    "2,8": { "weight": -0.6370252934284508, "enabled": true },
    "1,8": { "weight": -0.24730328656733036, "enabled": true },
    "1,7": { "weight": -0.9065318913199008, "enabled": true },
    "2,7": { "weight": 0.6702070692554116, "enabled": true },
    "4,7": { "weight": -0.13800088642165065, "enabled": true },
    "5,9": { "weight": -0.48219737969338894, "enabled": true }
  }
}
