{"nodes":{"input":[1,2,3,4,5,6],"hidden":[10],"output":[7,8,9]},"connections":{"5,8":{"weight":0.6977406865917146,"enabled":true},"5,9":{"weight":-0.8458675453439355,"enabled":true},"2,7":{"weight":0.16419270914047956,"enabled":true},"1,7":{"weight":0.868873299099505,"enabled":true},"1,9":{"weight":-0.7740956884808838,"enabled":true},"2,8":{"weight":-0.6407173066399992,"enabled":true},"3,8":{"weight":-0.18886321922764182,"enabled":true},"4,8":{"weight":-0.06034699361771345,"enabled":true},"4,7":{"weight":0.39163042418658733,"enabled":true},"1,8":{"weight":0.4452072982676327,"enabled":true},"2,9":{"weight":-0.894357689190656,"enabled":true},"3,9":{"weight":0.21172372717410326,"enabled":true},"5,7":{"weight":0.2466228101402521,"enabled":true},"4,9":{"weight":-0.22928237728774548,"enabled":true},"3,7":{"weight":0.0865111113525927,"enabled":true},"6,9":{"weight":-0.8328666957095265,"enabled":true},"6,7":{"weight":0.257526196539402,"enabled":true},"6,8":{"weight":0.5505699533969164,"enabled":true}},"inputMap":{"1":{},"2":{},"3":{},"4":{},"5":{},"6":{},"7":{},"8":{},"9":{},"10":{}},"outputMap":{"1":{},"2":{},"3":{},"4":{},"5":{},"6":{},"7":{},"8":{},"9":{},"10":{}}}