{"nodes":{"input":[1,2,3,4,5,6],"hidden":[10,11],"output":[7,8,9]},"connections":{"2,8":{"weight":-0.8189234999008477,"enabled":true},"5,8":{"weight":0.8617115570232272,"enabled":true},"2,7":{"weight":0.5470151621848345,"enabled":true},"1,9":{"weight":0.7844892702996731,"enabled":true},"1,8":{"weight":-0.2593470551073551,"enabled":true},"3,7":{"weight":-0.06528118439018726,"enabled":true},"1,7":{"weight":-0.5714075923897326,"enabled":true},"3,8":{"weight":0.3351692450232804,"enabled":true},"1,11":{"weight":0.9059604685753584,"enabled":true},"2,9":{"weight":0.3586872941814363,"enabled":true},"4,8":{"weight":-0.06363068148493767,"enabled":true},"6,8":{"weight":0.435371913947165,"enabled":true},"4,7":{"weight":0.1736420700326562,"enabled":true},"3,9":{"weight":-0.7886318042874336,"enabled":true},"6,7":{"weight":0.5818062513135374,"enabled":true},"4,9":{"weight":0.3852978008799255,"enabled":true},"5,7":{"weight":-0.3291678046807647,"enabled":true},"5,9":{"weight":-0.5334322340786457,"enabled":true},"6,9":{"weight":-0.8085056021809578,"enabled":true},"2,11":{"weight":0.9218891588971019,"enabled":true}},"inputMap":{"1":{},"2":{},"3":{},"4":{},"5":{},"6":{},"7":{},"8":{},"9":{},"10":{},"11":{}},"outputMap":{"1":{},"2":{},"3":{},"4":{},"5":{},"6":{},"7":{},"8":{},"9":{},"10":{},"11":{}}}