{"nodes":{"input":[1,2,3,4,5,6],"hidden":[],"output":[7,8,9]},"connections":{"2,7":{"weight":0.7655566604807973,"enabled":true},"6,9":{"weight":-0.01975986547768116,"enabled":true},"1,9":{"weight":-0.8686057724989951,"enabled":true},"3,8":{"weight":-0.3288321057334542,"enabled":true},"3,9":{"weight":0.30450185341760516,"enabled":true},"4,8":{"weight":-0.08530269702896476,"enabled":true},"6,7":{"weight":0.09891682537272573,"enabled":true},"2,9":{"weight":-0.7627874528989196,"enabled":true},"5,8":{"weight":-0.7795459390617907,"enabled":true},"5,9":{"weight":0.09877336490899324,"enabled":true},"4,7":{"weight":-0.500018423423171,"enabled":true},"4,9":{"weight":0.060400033835321665,"enabled":true},"2,8":{"weight":-0.9768888992257416,"enabled":true},"3,7":{"weight":0.7153336079791188,"enabled":true},"5,7":{"weight":-0.5327492766082287,"enabled":true},"1,7":{"weight":-0.6481792237609625,"enabled":true},"1,8":{"weight":-0.35546235274523497,"enabled":true},"6,8":{"weight":0.28942927857860923,"enabled":true}},"inputMap":{"1":{},"2":{},"3":{},"4":{},"5":{},"6":{},"7":{},"8":{},"9":{}},"outputMap":{"1":{},"2":{},"3":{},"4":{},"5":{},"6":{},"7":{},"8":{},"9":{}}}