{"nodes":{"input":[1,2,3,4,5,6],"hidden":[10],"output":[7,8,9]},"connections":{"5,8":{"weight":0.3924208963289857,"enabled":true},"5,7":{"weight":-0.2049850933253765,"enabled":true},"3,8":{"weight":0.8668767772614956,"enabled":true},"1,7":{"weight":0.27464576717466116,"enabled":true},"3,7":{"weight":-0.04139289492741227,"enabled":true},"2,9":{"weight":-0.844943106174469,"enabled":true},"6,8":{"weight":0.6424727505072951,"enabled":true},"4,8":{"weight":-0.3433396350592375,"enabled":true},"1,9":{"weight":-0.6154484068974853,"enabled":true},"6,7":{"weight":0.37124187173321843,"enabled":true},"4,7":{"weight":-0.4319825563579798,"enabled":true},"2,7":{"weight":0.8002413231879473,"enabled":true},"1,8":{"weight":0.25665413215756416,"enabled":true},"5,9":{"weight":0.28354487009346485,"enabled":true},"3,9":{"weight":-0.5635237996466458,"enabled":true},"2,8":{"weight":-0.5528880036436021,"enabled":true},"4,9":{"weight":0.5590997687540948,"enabled":true},"6,9":{"weight":0.6301840608939528,"enabled":true}},"inputMap":{"1":{},"2":{},"3":{},"4":{},"5":{},"6":{},"7":{},"8":{},"9":{},"10":{}},"outputMap":{"1":{},"2":{},"3":{},"4":{},"5":{},"6":{},"7":{},"8":{},"9":{},"10":{}}}