{"nodes":{"input":[1,2,3,4,5,6],"hidden":[10,11,12,13],"output":[7,8,9]},"connections":{"2,7":{"weight":0.08646342949941754,"enabled":true},"2,9":{"weight":-0.78326247446239,"enabled":true},"3,9":{"weight":0.46721358271315694,"enabled":true},"3,8":{"weight":-0.8528241976164281,"enabled":true},"1,8":{"weight":0.7473055394366384,"enabled":true},"4,8":{"weight":-0.20232178503647447,"enabled":true},"2,8":{"weight":0.08955399319529533,"enabled":true},"3,7":{"weight":0.331303371116519,"enabled":true},"5,7":{"weight":-0.8233447410166264,"enabled":true},"5,9":{"weight":0.41421595541760325,"enabled":true},"6,9":{"weight":0.06617694068700075,"enabled":true},"1,9":{"weight":-0.5288468576036394,"enabled":true},"6,8":{"weight":0.4430314563214779,"enabled":true},"1,7":{"weight":0.4718707003630698,"enabled":true},"6,7":{"weight":0.8199878106825054,"enabled":true},"4,7":{"weight":0.8497567344456911,"enabled":true},"5,8":{"weight":-0.20562000200152397,"enabled":true},"4,9":{"weight":0.93823794554919,"enabled":true},"3,5":{"weight":0.8241700832732022,"enabled":true}},"inputMap":{"1":{},"2":{},"3":{},"4":{},"5":{},"6":{},"7":{},"8":{},"9":{},"10":{},"11":{},"12":{},"13":{}},"outputMap":{"1":{},"2":{},"3":{},"4":{},"5":{},"6":{},"7":{},"8":{},"9":{},"10":{},"11":{},"12":{},"13":{}}}